ZIP,Mean_Income,Estimated PV System Size (kWdc),PV System Size (kWac),Estimated Annual PV Energy Production (kWh)
10001,170154,112.49,95.2,132044
10002,76115,877.56,739.0,1030117
10003,222765,350.01,295.06,410844
10004,317203,134.47,113.0,157846
10005,225528,89.25,75.0,104765
10007,444574,334.64,281.4,392812
10009,122290,2254.01,1897.0,2645905
10010,217670,565.18,478.61,663407
10011,220009,194.92,164.0,228804
10012,194972,238.38,200.6,279823
10013,335135,2.34,2.0,2747
10014,227995,36.74,31.4,43125
10016,198234,82.76,69.66,97150
10019,179458,199.57,168.42,234266
10021,240154,55.67,47.58,65345
10023,230171,11.7,10.0,13734
10024,280261,107.52,91.18,126213
10025,187489,200.63,169.35,235506
10026,112171,319.63,270.48,375187
10027,103558,911.01,770.14,1069346
10028,247394,20.94,17.9,24584
10029,70923,512.44,433.7,601495
10030,76965,436.98,369.81,512933
10031,85279,288.43,245.77,338554
10032,74843,727.39,613.77,853831
10033,107765,476.14,400.76,558900
10034,81250,310.21,261.4,364119
10035,66588,304.97,259.18,357984
10036,138231,102.97,88.01,120873
10037,73954,275.44,231.66,323324
10039,69073,354.31,298.9,415906
10040,76397,208.54,176.01,244782
10044,163681,986.86,722.0,1158415
10065,253089,4.21,3.6,4944
10128,218422,2.34,2.0,2747
10280,259093,50.81,42.7,59646
10282,442237,152.24,128.0,178706
10301,111315,5206.3,4428.14,6111050
10302,90391,4384.41,3623.15,5146267
10303,92679,4643.61,3958.66,5450434
10304,100967,5143.83,4386.47,6037739
10305,100743,6092.46,5198.71,7150870
10306,111383,12062.58,10200.16,14158920
10307,136066,6373.56,5440.13,7481332
10308,126978,6770.41,5779.6,7946978
10309,133325,17231.79,14181.58,20227107
10310,108100,5409.55,4434.73,6349488
10312,123417,19886.22,16881.44,23342376
10314,116963,40907.33,32201.65,48017682
10451,54313,1034.7,872.28,1214534
10452,44666,2784.71,2346.03,3268759
10453,48372,1405.19,1189.68,1649428
10454,39741,2408.51,2029.51,2827187
10455,44713,2558.19,2011.31,3002885
10456,46133,2551.63,2157.33,2995182
10457,53193,1685.77,1426.36,1978827
10458,52267,2100.65,1660.58,2465828
10459,53656,2001.42,1691.51,2349253
10460,50458,2309.2,1953.04,2710587
10461,80905,2543.3,2163.54,2985226
10462,73154,3576.03,2876.57,4197693
10463,93350,1195.09,1013.33,1402843
10464,129329,701.07,598.4,822824
10465,99423,3381.69,2889.09,3969176
10466,81664,4919.54,4198.71,5774378
10467,58443,2254.64,1911.35,2646455
10468,52985,1798.41,1517.45,2111032
10469,88234,6537.01,5563.62,7673034
10470,95435,756.86,645.71,888439
10471,139523,1783.25,1510.6,2093221
10472,55264,2427.33,2056.71,2849248
10473,69479,3480.29,2967.72,4085060
10474,50210,8836.89,6670.95,10373077
10475,68354,466.15,395.64,547170
10501,215901,123.85,105.86,145380
10502,248595,2231.1,1779.78,2618961
10504,356077,4006.95,3063.71,4703510
10505,163572,452.92,381.91,531667
10506,340035,858.25,730.03,1007456
10507,190358,312.21,265.6,366489
10509,137997,2431.17,2066.51,2853829
10510,285782,3314.09,2816.05,3890205
10511,153340,3645.32,2784.75,4279022
10512,128522,4018.54,3406.35,4717091
10514,328018,1868.63,1597.1,2193420
10516,162188,1323.57,1127.12,1553597
10517,112699,188.56,161.15,221320
10518,218588,88.05,74.4,103354
10520,166540,4942.76,4199.11,5801855
10522,187547,1688.29,1440.21,1981727
10523,136225,12161.95,10003.19,14276090
10524,145457,1128.63,962.95,1324835
10526,288442,99.13,84.74,116374
10527,188053,49.35,42.18,57923
10528,222757,1532.37,1299.29,1798738
10530,154355,4145.23,3241.9,4865810
10532,164163,2728.54,2304.92,3202849
10533,278724,833.82,712.18,978788
10535,139143,41.3,35.3,48480
10536,260248,971.97,829.88,1140899
10537,122813,129.42,110.61,151914
10538,317837,1935.39,1644.81,2271767
10541,139672,3021.74,2572.05,3547044
10543,194736,2435.03,2076.56,2858329
10546,233390,210.05,179.54,246576
10547,143597,2789.78,2366.34,3274761
10548,130470,2080.84,1760.5,2442588
10549,170146,8119.94,6395.68,9531483
10550,67441,2180.61,1841.41,2559700
10552,113484,510.52,436.34,599267
10553,104864,510.7,433.07,599464
10560,191470,613.22,520.8,719807
10562,130996,8139.09,6807.83,9553821
10566,94864,6284.85,5155.14,7377192
10567,174989,10436.68,8219.28,12250996
10570,216411,3305.55,2697.27,3880093
10573,148578,4584.76,3897.88,5381578
10576,342719,632.55,540.66,742539
10577,378399,4346.84,3273.75,5102483
10578,215697,31.31,26.76,36752
10579,149261,1057.54,898.3,1241421
10580,370224,1478.94,1261.06,1736013
10583,357101,4232.83,3607.68,4968708
10588,147720,485.51,414.95,569870
10589,152331,512.9,434.32,602049
10590,206169,602.15,514.68,706836
10591,155548,5146.46,4231.92,6041020
10594,184261,1140.43,969.74,1338659
10595,145339,3257.43,2755.11,3823653
10596,88858,513.74,438.62,603073
10597,329534,72.66,62.1,85288
10598,166549,6369.13,5267.09,7476365
10601,121412,3400.99,2759.19,3992218
10603,139317,3113.23,2649.4,3654364
10604,175911,3899.04,3041.04,4576819
10605,179546,9055.5,7140.54,10629620
10606,153365,1276.42,1090.15,1498335
10607,177567,2023.78,1728.31,2375567
10701,82877,8668.69,7164.85,10175526
10703,101248,2269.14,1935.1,2663518
10704,103643,3810.71,3240.03,4472976
10705,86964,1877.82,1603.59,2204190
10706,249233,1149.6,982.63,1349503
10707,161729,1000.7,850.39,1174633
10708,200279,641.35,548.15,752814
10709,179292,996.52,851.8,1169790
10710,110989,4745.55,4045.27,5570373
10801,107913,3263.27,2676.08,3830416
10803,265346,2130.83,1812.94,2501149
10804,269128,1973.38,1686.71,2316409
10805,109787,1401.83,1187.19,1645468
10901,129585,3946.82,3229.47,4632908
10913,180662,1105.29,944.76,1297461
10914,95322,929.77,794.68,1091390
10916,123648,8459.99,6332.06,9930674
10917,169087,1208.98,1022.34,1419160
10918,140170,12807.0,9938.08,15033408
10919,111105,573.77,487.89,673528
10920,161536,2178.06,1860.45,2556810
10921,116670,4400.66,3394.71,5165637
10922,106819,191.11,163.35,224338
10923,113768,2604.66,2225.25,3057448
10924,130740,16450.45,12518.46,19310120
10925,99375,805.86,687.69,945957
10926,102488,1259.78,1066.12,1478747
10927,91679,971.78,828.32,1140691
10928,104460,516.33,440.48,606107
10930,142000,2240.15,1914.7,2629562
10931,103147,123.43,105.49,144878
10933,87859,2945.04,2158.15,3456999
10940,91123,27871.18,21477.22,32716125
10941,104451,12319.1,9413.43,14460718
10950,100580,10064.75,8300.27,11814540
10952,90782,1836.54,1569.71,2155782
10954,152149,4259.45,3629.66,4999939
10956,179580,8429.36,7197.52,9894804
10958,135459,10701.9,7962.14,12562302
10960,158882,2076.53,1764.55,2437445
10962,167283,2249.59,1784.61,2640631
10963,114646,7690.29,5674.8,9027191
10964,225855,200.27,171.18,235102
10965,142783,2247.82,1911.59,2638460
10968,147570,213.56,182.52,250672
10969,148459,689.59,585.88,809452
10970,125421,1337.21,1142.2,1569664
10973,137538,1321.33,1123.6,1551029
10974,124825,592.07,506.03,694962
10975,97127,5.03,4.3,5906
10976,104247,204.47,174.77,240020
10977,95111,5190.27,4430.69,6092518
10980,129227,4517.79,3849.51,5303142
10983,167146,1207.82,1031.89,1417805
10984,170826,1042.08,889.06,1223244
10985,113373,245.33,209.69,287974
10986,179572,2004.66,1511.47,2353144
10987,272459,341.73,291.35,401119
10988,102598,133.16,113.81,156300
10989,133893,2639.34,2253.03,3098224
10990,139567,11747.85,9447.32,13790048
10992,123481,9101.32,7059.82,10683563
10993,81658,535.39,456.49,628472
10994,182262,7134.3,5390.58,8374531
10998,118682,23914.45,17540.1,28071742
11001,156286,2691.3,2294.58,3159032
11003,128947,9085.97,7761.07,10665266
11004,121062,1848.25,1577.39,2169420
11010,142082,4415.01,3765.47,5182584
11020,222719,656.93,561.47,771121
11021,170466,664.02,565.54,779456
11023,206167,687.71,587.74,807201
11024,197790,271.05,231.67,318175
11030,356446,994.91,846.86,1167894
11040,166900,9376.28,7981.54,11006142
11050,212987,5230.0,4317.66,6139269
11096,89149,935.16,797.41,1097728
11101,130719,4834.54,3945.89,5674938
11102,114216,413.5,351.05,485345
11103,115803,776.8,657.46,911762
11104,96642,566.36,477.75,664791
11105,112815,1208.29,1024.24,1418253
11106,100232,823.87,697.48,967069
11201,213208,582.91,494.04,684214
11203,80141,4394.41,3751.06,5157890
11204,79120,1220.37,1035.98,1432477
11205,114380,416.28,355.75,488573
11206,77433,452.58,384.15,531264
11207,63245,8109.02,6691.67,9518634
11208,70501,5946.49,5052.17,6979976
11209,114589,1710.56,1452.84,2007876
11210,105692,3642.55,3100.2,4275728
11211,132181,2035.6,1717.78,2389433
11212,47426,3436.02,2927.92,4032993
11213,77637,2040.13,1728.03,2394771
11214,83512,2414.23,1956.35,2833814
11215,214768,4787.6,4071.38,5619641
11216,116617,2406.01,2041.83,2824202
11217,195414,1429.56,1218.44,1677990
11218,124925,2608.29,2224.4,3061549
11219,67012,648.01,553.02,760597
11220,80054,1107.05,940.82,1299460
11221,92568,2336.28,1990.04,2742398
11222,136729,1676.86,1415.0,1968336
11223,88967,1198.98,1023.28,1407320
11224,64289,764.76,652.51,897710
11225,97104,1390.74,1186.56,1632445
11226,88051,1704.52,1450.71,2000794
11228,110604,718.81,614.34,843717
11229,95619,2905.8,2473.86,3410745
11230,88045,1622.16,1380.17,1904025
11231,184570,1825.86,1548.62,2143249
11232,102707,1675.74,1413.97,1966981
11233,77871,2040.39,1741.18,2394920
11234,115779,8858.16,7548.89,10397633
11235,87716,2417.71,1966.09,2837968
11236,91504,10168.3,8491.16,11935450
11237,85698,507.62,430.97,595856
11238,150940,2329.68,1978.49,2734534
11239,52314,3145.51,2647.97,3692249
11249,152546,261.41,220.81,306822
11354,74814,1738.05,1476.53,2040152
11355,70789,2603.24,2213.74,3055595
11356,92302,3899.49,3124.35,4577225
11357,114881,3901.34,3333.48,4579362
11358,99732,2347.39,2002.8,2755305
11360,121746,1045.47,892.83,1227127
11361,118475,2475.54,2107.0,2905742
11362,117724,1715.84,1465.9,2014039
11363,138250,621.5,531.13,729446
11364,108800,2439.54,2082.89,2863438
11365,90690,6325.17,5360.34,7424404
11366,117601,1548.39,1322.83,1817458
11367,92453,3169.22,2685.92,3720122
11368,79303,1281.73,1094.9,1504472
11369,82892,1779.06,1520.41,2088109
11370,92798,734.16,624.76,861788
11372,86369,948.02,800.99,1112770
11373,78958,1994.05,1686.73,2340569
11374,99455,1604.26,1357.29,1883090
11375,132536,2337.4,1981.26,2743613
11377,90983,4077.29,3439.12,4785978
11378,103504,6640.67,5410.85,7795003
11379,112105,1364.71,1157.8,1601897
11385,94274,3444.43,2918.12,4043154
11411,121415,3940.63,3362.18,4625379
11412,110256,6866.55,5864.53,8059698
11413,117017,13153.75,10873.59,15439520
11414,113435,5284.91,4514.52,6203170
11415,108386,740.47,625.39,869157
11416,97553,1394.82,1187.97,1637210
11417,95069,2356.24,2009.49,2765631
11418,98400,1865.66,1589.14,2189834
11419,101888,3344.6,2857.83,3925607
11420,108168,5607.21,4790.24,6581196
11421,101775,1541.87,1317.18,1809700
11422,111079,6219.92,5314.6,7300783
11423,97308,3339.06,2851.31,3919231
11426,123526,2732.14,2332.17,3206881
11427,103543,2645.64,2250.9,3105469
11428,100568,2238.78,1913.38,2627831
11429,106897,4266.59,3646.49,5008035
11432,93363,5377.83,4559.43,6312457
11433,85972,4180.7,3564.12,4907169
11434,87984,9844.2,8401.52,11554395
11435,92957,3419.75,2913.13,4013991
11436,97981,3393.81,2900.46,3983463
11501,137828,2252.25,1920.0,2643678
11507,181390,1517.84,1295.27,1781616
11509,202438,808.32,690.2,948873
11510,148782,8904.86,7610.27,10452602
11514,147239,452.12,386.43,530726
11516,141779,398.75,340.79,468039
11518,124692,2126.84,1814.4,2496585
11520,120047,126.41,107.3,148364
11530,232202,4430.69,3440.66,5200894
11542,108261,2184.92,1865.77,2564655
11545,281840,1820.97,1548.44,2137504
11547,99021,137.22,117.28,161071
11548,216508,267.11,228.29,313532
11550,100068,6541.99,5572.41,7679037
11552,149923,4802.31,4097.24,5637080
11553,112043,5935.08,4940.97,6966814
11554,154093,11407.62,9749.32,13390655
11557,202353,1488.31,1270.35,1747081
11558,122221,3146.29,2685.61,3693276
11559,237168,951.63,808.66,1116986
11560,294634,687.08,587.25,806531
11561,142940,11640.27,9815.98,13663785
11563,160979,2372.2,2025.57,2784569
11565,171406,913.45,780.74,1072262
11566,180742,7866.75,6720.4,9234268
11568,416676,477.9,406.58,560986
11569,170908,542.36,462.52,636650
11570,180203,427.36,365.27,501659
11572,149806,8866.95,7573.88,10408247
11575,122417,3621.94,3095.64,4251543
11576,288024,1150.02,982.93,1349954
11577,246044,1193.7,1020.28,1401251
11579,255160,406.42,347.36,477063
11580,139163,8507.75,7256.18,9986623
11581,147508,6209.25,5294.0,7288424
11590,144820,10726.37,9021.24,12590975
11596,177549,1169.99,999.97,1373354
11598,224767,2313.59,1977.35,2715679
11691,84202,4937.01,4197.81,5795075
11692,76372,1664.12,1422.27,1953336
11693,85619,1403.88,1199.85,1647868
11694,113368,1494.57,1277.33,1754289
11697,146171,579.56,495.36,680320
11701,112108,8247.63,7033.08,9681166
11702,152236,6415.1,5367.65,7530369
11703,131025,6832.66,5833.03,8020426
11704,123360,26439.02,21000.48,31035030
11705,147546,2202.02,1881.48,2584895
11706,124847,17150.75,14483.38,20132071
11709,157895,1745.87,1483.67,2049393
11710,182841,10009.12,8547.5,11749044
11713,129080,6228.46,4954.72,7311347
11714,140341,10358.99,8458.48,12159692
11715,120840,1563.49,1335.55,1835210
11716,122052,6592.0,5605.03,7738008
11717,128769,17549.86,14806.61,20600782
11718,191691,496.65,424.52,583030
11719,121373,13673.63,10080.68,16050598
11720,133500,12399.13,10423.91,14554553
11721,243465,708.35,605.46,831535
11722,108411,10918.25,9023.03,12816371
11724,267147,400.09,341.31,469646
11725,190534,12482.53,10488.15,14652292
11726,120659,6101.23,5206.64,7161696
11727,108858,8399.98,7174.31,9860186
11729,129240,13508.05,11500.66,15856439
11730,150021,4152.3,3545.83,4874039
11731,164180,8755.82,7476.75,10277901
11732,150242,293.55,250.89,344572
11733,213626,6924.03,5884.58,8127750
11735,148261,14984.55,12715.8,17589243
11738,141655,7926.16,6487.22,9304232
11739,201702,445.93,381.15,523468
11740,159274,2563.7,2190.2,3009320
11741,137972,14943.33,12134.25,17541075
11742,133440,7951.71,6547.37,9334068
11743,197502,10031.85,8417.91,11775913
11746,167844,17475.67,14915.87,20513615
11747,171942,10324.59,8089.9,12119443
11749,117301,1289.57,1100.49,1513757
11751,128108,4015.34,3429.02,4713346
11752,155957,5437.45,4514.23,6382705
11753,252101,3217.64,2741.61,3777064
11754,136705,11643.8,9259.35,13668033
11755,134252,5118.76,4367.84,6008535
11756,142164,12415.98,10604.91,14574111
11757,121871,16101.1,13737.24,18900086
11758,159428,16295.56,13910.11,19128269
11762,157282,4925.4,4209.73,5781622
11763,113815,11067.28,9325.6,12990944
11764,146186,6001.03,5108.59,7044167
11765,462998,68.33,58.41,80219
11766,152712,3904.09,3335.55,4582784
11767,158788,6160.42,5252.9,7231368
11768,191832,4869.47,4150.99,5716101
11769,145000,4153.6,3538.79,4875579
11770,121356,238.65,203.97,280132
11771,215285,1145.66,977.79,1344846
11772,120201,11455.51,9780.36,13446844
11776,131379,7141.2,6099.28,8382571
11777,172876,2246.66,1913.36,2637186
11778,125151,3068.22,2622.39,3601571
11779,117348,20078.75,16295.54,23569011
11780,183858,4009.98,3417.62,4707124
11782,167703,5616.39,4789.03,6592782
11783,177401,6319.26,5400.51,7417772
11784,112307,12041.47,9852.5,14134637
11786,170587,15840.01,11825.9,18593683
11787,167204,12185.59,10138.51,14303686
11788,154053,12630.97,10447.46,14826793
11789,118521,1186.96,1014.49,1393291
11790,169430,4125.27,3513.9,4842296
11791,239580,7591.63,6332.41,8911367
11792,156389,3065.39,2620.07,3598390
11793,169034,11396.06,9412.12,13377065
11795,164321,10696.73,9106.67,12556388
11796,135728,2042.76,1573.62,2397850
11797,272715,1865.68,1588.18,2190075
11798,101509,5928.23,5064.93,6958672
11801,142767,11985.58,10064.81,14069009
11803,199495,10118.29,8493.82,11877250
11804,184540,2232.89,1780.98,2621021
11901,97314,7579.13,6231.45,8896715
11930,232401,1535.3,1311.17,1802219
11932,178588,3136.8,2680.0,3682026
11933,94247,15766.72,11795.15,18507616
11934,137553,3343.06,2850.45,3924210
11935,193190,530.94,453.77,623207
11937,193396,9101.39,7612.42,10683468
11939,130902,433.35,370.38,508676
11940,159616,1629.18,1392.42,1912338
11941,129247,776.51,661.7,911486
11942,131356,1213.74,1037.37,1424714
11944,126164,425.28,363.47,499186
11946,137847,3456.68,2953.45,4057418
11948,113488,527.25,450.62,618875
11949,128977,6507.43,5394.63,7638690
11950,112335,3698.53,3160.58,4341526
11951,96456,2868.4,2450.97,3367055
11952,111174,1961.57,1674.52,2302546
11953,98575,2342.77,2000.99,2749911
11954,205992,2369.07,2023.81,2780983
11955,76220,553.66,472.48,649913
11956,115574,149.76,128.0,175795
11957,170406,413.02,353.0,484810
11958,82667,572.57,485.94,672084
11959,141732,1030.87,878.14,1210053
11960,183876,687.48,587.61,807019
11961,98778,3846.95,3283.37,4515615
11962,293535,943.92,806.77,1108010
11963,179293,2345.97,2003.75,2753706
11964,118313,1777.57,1515.88,2086504
11965,106755,119.61,102.25,140430
11967,141151,19861.73,15385.6,23314429
11968,245620,6196.02,5282.77,7272858
11970,162152,42.58,36.39,49977
11971,152509,2773.23,2363.61,3255316
11972,133795,281.6,240.7,330574
11975,272964,585.84,500.72,687684
11976,285393,2971.04,2539.34,3487511
11977,193537,1135.81,970.29,1333193
11978,182541,5594.56,4245.63,6567103
11980,114128,2321.93,1962.92,2725605
12007,83777,21.29,18.2,24995
12008,129700,79.74,68.15,93581
12009,121572,10502.96,7901.85,12328798
12010,69218,34008.09,25520.46,39920079
12015,103410,827.69,707.43,971569
12017,77532,167.38,143.05,196471
12018,121762,2058.55,1748.85,2416417
12019,138383,14785.68,11021.14,17356031
12020,105578,5660.04,4806.84,6643970
12022,87089,207.24,176.54,243264
12023,94866,661.71,564.98,776752
12024,68411,4.68,4.0,5494
12025,89397,3636.37,2750.63,4268525
12027,121908,886.66,752.7,1040781
12028,80243,529.53,448.34,621601
12029,106868,430.35,366.52,505158
12031,81101,37.99,32.48,44594
12032,71942,46.33,39.6,54387
12033,95378,23818.35,17645.88,27959003
12035,86421,150.84,128.93,177072
12036,54106,15.6,13.33,18307
12037,97248,1021.38,867.99,1198886
12040,68482,46.18,39.46,54194
12041,137031,51.56,44.06,60512
12042,112376,84.41,72.15,99090
12043,82534,1498.65,1271.71,1759200
12045,69095,69.6,59.48,81692
12046,82046,181.65,155.26,213235
12047,85670,4411.22,3581.31,5178087
12051,83945,15507.93,11352.48,18203799
12052,96181,265.64,227.04,311808
12053,108293,3759.86,2855.78,4413484
12054,137181,7214.31,5501.65,8468484
12056,111579,787.62,672.35,924560
12057,88505,277.68,237.35,325954
12058,77498,268.53,229.51,315208
12059,101353,531.83,454.57,624288
12060,138780,705.94,598.42,828681
12061,133756,3106.98,2637.97,3647054
12062,88184,320.41,273.86,376105
12063,103566,201.06,171.86,236025
12064,52894,32.95,28.16,38668
12065,131456,6376.09,5239.7,7484576
12066,95921,533.45,455.16,626179
12067,120798,412.22,352.33,483886
12068,85495,347.43,296.96,407840
12069,108595,23.39,19.99,27454
12070,78661,7044.29,5123.33,8268877
12071,72644,16.28,13.91,19104
12072,80279,14212.52,10355.68,16683204
12074,93829,757.5,646.71,889210
12075,98381,19395.17,14197.47,22766819
12076,71820,162.33,138.75,190548
12077,140356,4099.53,3140.28,4812250
12078,61096,37567.54,27522.06,44098279
12083,97800,17244.62,12588.6,20242401
12084,98910,207.16,177.08,243172
12085,30794,791.95,665.6,929623
12086,75344,379.82,324.09,445878
12087,88985,8855.84,6451.78,10395325
12090,74261,2008.19,1698.07,2357329
12092,79317,209.24,178.82,245590
12093,83729,72.58,62.05,85213
12094,103672,694.49,587.7,815214
12095,76248,23511.97,17198.39,27599299
12106,110068,535.55,456.88,628650
12110,106936,6187.38,5245.44,7262917
12115,134129,76.15,65.09,89390
12116,122507,69.69,59.56,81798
12117,107998,430.96,365.78,505874
12118,107823,10829.32,8241.86,12711911
12120,95820,2920.91,2137.53,3428678
12121,112457,483.68,413.43,567785
12122,71225,660.78,564.8,775656
12123,107706,1219.22,1041.33,1431180
12124,76046,97.24,83.12,114156
12125,72590,296.29,253.22,347772
12130,82837,204.04,174.4,239519
12131,55303,78.3,66.42,91920
12132,112790,129.01,110.27,151437
12134,78570,389.56,332.96,457275
12136,164196,359.38,306.64,421858
12137,102130,3941.4,2920.03,4626596
12138,78189,578.72,494.04,679312
12139,72040,17.45,14.91,20480
12140,107320,405.73,345.37,476289
12143,95670,1580.29,1338.95,1855029
12144,96012,5066.58,4305.34,5947387
12147,90212,175.75,150.2,206283
12148,146590,24866.65,18114.11,29189458
12149,70448,168.31,143.86,197568
12150,81847,785.37,662.04,921910
12151,108121,412.53,347.63,484241
12153,99897,195.47,166.38,229457
12154,104887,11175.28,8282.15,13118013
12155,66901,125.03,106.87,146776
12156,106453,379.16,324.07,445076
12157,92418,1013.82,865.01,1190096
12158,112544,16179.18,11893.12,18991758
12159,148167,4009.67,3089.88,4706724
12160,92947,187.15,159.96,219667
12164,93767,62.89,53.75,73821
12165,71889,79.98,68.36,93885
12166,75019,187.63,160.37,220250
12167,64472,1780.87,1498.13,2090463
12168,100441,402.65,343.44,472649
12169,77840,70.73,60.45,83020
12170,104397,916.67,780.02,1076040
12172,59462,41.01,35.06,48142
12173,88243,446.89,381.98,524567
12174,76673,196.55,168.0,230722
12175,78627,163.32,139.6,191728
12176,43538,71.88,61.43,84367
12177,88217,108.65,92.86,127533
12180,77815,29282.35,22489.08,34372801
12182,77105,1167.65,997.21,1370683
12183,66515,85.68,72.0,100575
12184,116611,9523.99,7225.92,11179598
12185,110694,380.63,324.87,446798
12186,138171,1382.63,1181.81,1623027
12187,63623,151.56,129.54,177908
12188,97885,1446.55,1234.01,1698091
12189,74872,2535.41,2153.9,2976229
12190,62906,42.48,36.31,49862
12192,99361,405.03,345.62,475453
12193,85791,3523.15,2652.27,4135611
12194,64639,74.24,63.47,87162
12195,116971,18.95,16.2,22249
12196,123127,446.48,381.64,524122
12197,86707,372.13,318.06,436819
12198,104911,922.62,787.84,1082967
12202,59709,1157.91,975.98,1359181
12203,90082,3290.07,2796.24,3861981
12204,78646,1862.04,1571.23,2185716
12205,93282,8350.44,6958.45,9802157
12206,47513,987.46,833.42,1159093
12207,55116,370.54,311.4,434950
12208,86005,1708.26,1458.35,2005216
12209,79188,1011.35,862.25,1187147
12210,66754,334.87,284.49,393062
12211,165694,2021.69,1721.99,2373120
12302,98901,36888.1,27587.82,43300747
12303,92265,6038.62,4875.47,7088428
12304,72452,4425.83,3744.15,5195193
12305,59877,2775.02,2056.84,3257433
12306,84228,19141.7,14944.35,22469402
12307,46522,477.01,404.12,559922
12308,66974,2265.36,1752.37,2659202
12309,129835,10038.18,7836.45,11783222
12401,81751,27605.14,21203.75,32403947
12404,93795,6857.72,5143.4,8049911
12405,68538,139.06,118.16,163217
12406,122933,117.6,99.8,138045
12407,80953,73.06,62.45,85754
12409,125916,429.22,366.84,503793
12410,42050,9.72,8.3,11404
12411,70017,143.31,122.49,168223
12412,69856,563.1,476.15,660987
12413,83253,5300.87,3891.86,6222363
12414,70821,1615.95,1380.21,1896906
12416,97631,39.43,33.7,46289
12417,95789,49.74,42.51,58386
12418,109305,74.08,63.31,86954
12419,142009,175.58,150.08,206123
12420,98668,152.91,130.69,179486
12421,98220,53.23,45.5,62483
12422,75481,105.15,89.88,123433
12423,63372,253.3,215.98,297327
12424,66725,54.11,46.25,63520
12427,152700,101.98,87.16,119705
12428,69416,6542.41,4871.36,7679755
12430,79177,115.3,98.55,135342
12431,93392,3224.07,2396.65,3784538
12432,33461,69.39,59.3,81441
12433,57317,302.85,258.84,355490
12434,50500,6.73,5.75,7897
12435,74139,476.66,402.3,559505
12436,56259,132.63,113.35,155667
12439,55935,52.29,44.7,61391
12440,108865,829.82,709.24,974064
12441,46748,18.14,15.5,21288
12442,49303,246.88,210.49,289775
12443,129936,1041.44,888.15,1222468
12444,91528,243.71,208.3,286075
12446,88605,8494.54,6378.66,9971229
12448,303249,102.5,87.61,120322
12449,86149,1082.21,920.59,1270338
12450,173214,30.05,25.68,35268
12451,68159,256.31,219.07,300875
12452,43523,89.18,76.2,104651
12453,67990,79.61,68.04,93445
12454,94429,29.26,25.01,34348
12455,71719,225.04,191.55,264136
12456,84311,43.03,36.77,50500
12457,107563,352.12,300.96,413339
12458,74786,8086.96,6005.54,9492738
12459,106575,84.48,72.21,99169
12460,90310,52.1,44.54,61171
12461,157319,703.35,599.27,825618
12463,82823,3153.62,2336.44,3701857
12464,71660,62.28,53.24,73116
12465,86327,21.14,18.07,24820
12466,113930,601.12,512.0,705601
12468,79541,122.91,105.05,144274
12469,86515,241.05,206.04,282962
12470,83932,180.25,153.39,211589
12471,20886,118.21,101.04,138771
12472,83795,479.37,407.17,562712
12473,101423,212.62,180.75,249578
12474,116351,109.37,93.49,128391
12475,74412,97.3,83.18,114231
12477,97659,17212.12,13193.03,20204320
12480,115478,63.24,54.06,74237
12481,87965,402.55,344.06,472537
12482,95647,94.33,80.63,110732
12483,98482,61.75,52.77,72468
12484,97932,1512.69,1287.26,1775628
12485,98986,181.91,155.48,213528
12486,87804,436.76,373.29,512648
12487,113483,740.96,632.47,869758
12489,13374,88.87,75.97,104330
12491,96152,459.08,392.37,538869
12492,161459,137.48,117.04,161382
12494,117669,240.5,205.55,282299
12495,77138,83.16,71.08,97622
12496,92967,172.26,147.24,202211
12498,107404,1838.04,1570.52,2157567
12501,82487,370.72,315.28,435190
12502,142016,550.62,470.12,646381
12503,137393,194.64,166.35,228463
12507,96913,33.13,28.31,38881
12508,104908,5563.6,4398.05,6530849
12512,114955,8.54,7.3,10020
12513,53400,350.94,299.47,411974
12514,164475,1002.0,855.92,1176203
12515,99938,486.16,415.55,570690
12516,146469,366.5,312.48,430199
12517,102489,1457.46,1066.2,1710817
12518,113272,1152.09,984.73,1352409
12520,132198,553.52,470.05,649766
12521,117585,836.71,709.26,982192
12522,83391,3214.91,2388.82,3773786
12523,96853,587.33,499.96,689448
12524,102287,5486.23,4326.03,6439973
12525,95367,1913.84,1633.54,2246547
12526,106285,1341.88,1143.22,1575133
12528,99291,3300.5,2819.4,3874344
12529,135509,753.42,643.33,884381
12531,159496,358.88,306.72,421253
12533,157321,13963.31,11029.86,16390913
12534,82210,36491.17,26966.92,42834799
12538,98637,10199.78,7667.85,11972993
12540,148500,4715.2,3731.6,5534895
12542,129095,2214.83,1892.65,2599916
12543,89689,536.65,458.7,629969
12545,142407,3351.47,2520.64,3934109
12546,110465,1076.62,917.4,1263794
12547,122903,3967.87,3031.17,4657648
12548,94378,342.57,291.86,402138
12549,122646,19840.5,14835.26,23289655
12550,89143,20084.66,16240.44,23576256
12553,116778,23325.31,17921.21,27380285
12561,102152,5843.88,4979.11,6859850
12563,113366,4360.13,3360.17,5118130
12564,132064,932.72,797.18,1094832
12565,66166,158.11,135.14,185607
12566,116989,11519.37,8790.09,13521894
12567,116920,1190.28,1010.65,1397177
12569,107396,4507.82,3568.78,5291493
12570,139905,1349.13,1152.44,1583692
12571,139042,5458.52,4352.86,6407496
12572,127850,3871.84,3288.88,4544927
12574,139906,64.31,54.97,75499
12575,151825,7661.9,5660.22,8993869
12577,133352,721.27,616.49,846671
12578,101682,591.22,504.5,694026
12580,133484,1299.46,1110.16,1525406
12581,124958,7739.84,5714.89,9085375
12582,145617,7863.17,5826.83,9230104
12583,100020,927.01,789.48,1088169
12585,119215,234.44,200.39,275203
12586,84751,14242.11,10555.98,16718012
12589,114264,4742.99,4042.99,5567579
12590,115897,12539.45,10062.56,14719403
12592,114218,197.57,168.87,231919
12594,98488,555.66,474.96,652304
12601,86298,10252.46,8027.84,12034723
12603,115310,13286.09,10972.5,15595872
12701,70482,5679.76,4185.04,6667140
12719,103847,113.47,97.0,133195
12721,94795,1818.6,1553.62,2134782
12723,93276,13331.72,9710.38,15649293
12724,163125,112.23,95.9,131710
12725,98235,360.73,304.45,423433
12726,74873,149.46,127.75,175443
12729,81786,596.21,504.47,699864
12732,78454,63.68,54.44,74755
12733,39424,26.68,22.8,31314
12734,63270,153.2,130.44,179844
12736,38074,7.53,6.44,8845
12737,101163,461.85,394.15,542127
12738,62732,15.69,13.42,18417
12740,107499,741.29,632.93,870122
12741,66967,71.32,60.96,83722
12742,64152,6.44,5.5,7554
12743,129879,38.24,32.68,44883
12746,80082,291.56,249.22,342268
12747,102500,151.63,128.99,178001
12748,93180,172.66,147.58,202693
12749,88029,48.6,41.54,57051
12750,58350,75.55,64.57,88677
12752,88362,24.1,20.6,28293
12754,72695,6018.93,4427.79,7065218
12758,73933,583.47,498.7,684908
12759,63887,2847.49,2074.79,3342514
12760,94273,58.38,49.9,68527
12762,62715,89.04,76.1,104515
12763,56574,136.06,116.3,159720
12764,75336,3065.45,2265.26,3598332
12765,87700,131.67,112.54,154555
12766,90887,87.82,75.06,103082
12767,80404,15.28,13.06,17931
12768,76075,141.62,121.03,166222
12769,86862,17.74,15.16,20821
12770,83741,43.93,37.55,51564
12771,73709,6663.44,5156.02,7821763
12775,120096,269.25,230.13,316059
12776,88267,120.62,103.1,141598
12777,165564,315.1,269.31,369872
12778,98338,12.13,10.36,14229
12779,61475,406.95,343.57,477705
12780,80680,4585.63,3384.46,5382783
12781,63782,88.01,75.22,103301
12783,70727,3848.63,2804.27,4517665
12785,99982,88.09,75.3,103416
12786,105151,33.19,28.37,38963
12787,86034,39.78,34.01,46696
12788,109997,232.8,198.04,273264
12789,80633,2826.41,2056.77,3317760
12790,104744,588.88,503.31,691228
12791,71662,100.99,86.31,118538
12792,82903,21.26,18.17,24954
12801,73917,1249.8,1056.16,1467096
12803,77583,2089.13,1765.4,2452327
12804,110633,8001.12,6765.65,9392071
12808,104990,33.46,28.6,39279
12809,69986,696.69,594.89,817820
12810,78836,42.12,36.0,49441
12811,53703,12.4,10.6,14558
12812,145074,56.57,48.35,66403
12814,105080,265.61,227.0,311765
12815,75394,291.47,247.57,342132
12816,78190,1035.63,880.76,1215616
12817,84813,397.3,339.56,466349
12819,96307,22.93,19.6,26919
12821,45003,134.85,113.8,158302
12822,76126,599.16,509.97,703314
12823,97735,103.49,87.6,121483
12824,133883,114.56,97.9,134455
12827,84548,592.84,506.74,695947
12828,89659,2278.07,1927.6,2674107
12831,111453,2561.58,2184.6,3006974
12832,66482,837.0,710.24,982473
12833,141566,636.34,543.88,746954
12834,94789,11110.04,8245.19,13041401
12835,95289,127.11,108.65,149211
12836,92122,119.26,101.94,139997
12837,77215,29.55,25.25,34678
12838,68537,154.39,131.2,181231
12839,66636,989.87,845.52,1161993
12841,76886,13.34,11.4,15657
12842,69581,90.97,77.76,106795
12843,82519,183.05,156.0,214859
12844,161780,42.12,36.0,49443
12845,91916,740.27,626.92,868974
12846,78749,277.56,237.23,325806
12847,87404,58.73,50.2,68945
12849,76531,71.75,60.64,84221
12850,95407,14541.5,10633.94,17069384
12851,96067,38.19,32.65,44841
12852,63785,75.74,64.22,88904
12853,62702,2974.07,2186.56,3491090
12855,65328,10.67,9.12,12525
12856,63382,53.63,45.84,62950
12857,69134,92.9,79.4,109049
12858,137243,43.46,37.15,51023
12859,100505,286.92,245.24,336811
12860,96580,28.08,24.0,32962
12861,92276,39.31,33.6,46145
12863,100912,183.08,156.48,214910
12865,74031,765.23,649.44,898278
12866,116986,13545.09,10801.2,15899529
12870,82946,205.88,175.11,241671
12871,94605,832.38,707.44,977095
12873,94528,155.46,132.87,182492
12874,121932,37.72,32.24,44279
12878,67888,80.38,68.71,94367
12883,76459,322.63,275.07,378721
12884,60374,61.87,52.88,72625
12885,70275,1397.22,1180.79,1640113
12886,103640,24.76,21.16,29061
12887,70678,14247.56,10382.55,16724370
12901,75707,6308.69,4719.88,7405383
12910,60708,32.76,28.0,38455
12912,74252,249.39,212.41,292748
12913,81404,165.44,140.76,194198
12914,62266,1272.1,925.73,1493246
12916,63319,63.53,54.3,74575
12917,68922,7.02,6.0,8240
12918,111101,138.66,118.51,162760
12919,70892,6571.33,4776.52,7713688
12920,81523,57.8,49.4,67846
12921,92921,367.82,313.56,431770
12926,64787,6278.19,4552.9,7369594
12928,77418,273.21,233.51,320703
12929,60689,8.89,7.6,10438
12930,72318,17.78,15.2,20876
12932,79872,182.65,156.12,214414
12934,66074,21.06,18.0,24721
12935,75274,131.31,111.08,154145
12936,80584,245.17,209.03,287785
12937,51971,33.82,28.91,39705
12939,105079,28.08,24.0,32962
12941,82442,204.51,174.79,240048
12942,91780,433.19,370.21,508449
12943,66242,239.45,204.66,281078
12944,82793,276.74,236.54,324863
12945,96489,36.97,31.6,43400
12950,66040,44.59,38.11,52341
12952,86240,9.01,7.7,10575
12953,75545,4410.88,3251.1,5177676
12955,106245,33.67,28.78,39527
12956,48196,308.52,259.7,362148
12957,49623,30.54,26.11,35853
12958,80763,111.73,95.5,131159
12959,62205,16553.22,11996.0,19430830
12960,51494,57.1,48.8,67022
12962,75269,274.65,234.75,322405
12964,116611,11.7,10.0,13734
12965,66499,26.09,22.3,30627
12966,78813,11713.73,8504.04,13750042
12967,87774,54.99,47.0,64550
12969,58820,4.45,3.8,5219
12970,125775,23.05,19.7,27056
12972,97924,365.03,311.98,428477
12973,54354,13.34,11.4,15657
12974,65003,73.81,63.08,86634
12976,81153,46.23,39.5,54249
12979,59099,9.36,8.0,10987
12980,67459,20.59,17.6,24172
12981,71765,146.52,125.22,171978
12983,79740,2586.36,1941.34,3035982
12985,64459,36.86,31.5,43263
12986,75188,71.61,61.2,84052
12987,94595,40.25,34.4,47245
12989,86739,214.96,182.59,252321
12992,87157,222.73,190.36,261440
12993,79932,636.81,542.79,747463
12996,85590,138.37,118.26,162419
12997,89282,141.18,120.67,165728
13020,73513,41.31,35.3,48480
13021,75966,13899.94,10319.77,16316252
13026,96664,5806.93,4245.26,6816414
13027,101226,15621.38,11464.47,18336975
13028,83438,72.88,62.28,85535
13029,99221,450.21,383.56,528484
13030,83893,254.32,217.36,298522
13031,100536,578.87,492.61,679438
13032,73548,38469.84,27964.57,45157448
13033,89349,454.4,386.91,533401
13034,115750,102.83,87.89,120702
13035,122625,1244.67,1058.25,1461007
13036,96033,5809.2,4396.3,6819087
13037,102570,749.35,638.78,879611
13039,108217,7617.87,5611.09,8942155
13040,68491,7091.63,5163.78,8324421
13041,108624,13592.18,10153.47,15955019
13042,87928,140.31,119.92,164697
13044,99058,119.15,101.84,139866
13045,75811,34959.58,25621.09,41036903
13052,78289,118.88,101.6,139531
13053,91084,24678.94,17985.32,28969069
13054,91157,210.18,179.64,246718
13057,81929,3820.53,2898.82,4484686
13060,64908,125.09,106.91,146831
13061,98602,63.5,54.28,74549
13062,159553,10.53,9.0,12360
13063,106077,179.03,153.04,210171
13065,80334,5.85,5.0,6867
13066,145217,7786.31,5750.23,9139884
13068,90042,14836.42,10890.12,17415559
13069,73735,15095.88,11074.92,17720172
13071,84604,63.41,54.19,74429
13072,67328,33.22,28.4,39005
13073,78809,748.73,639.89,878832
13074,72759,449.65,380.04,527807
13076,145965,152.7,130.52,179255
13077,92031,788.65,669.73,925706
13078,124964,3718.41,2820.71,4364791
13080,89702,153.95,131.58,180703
13081,126696,204.82,175.06,240416
13082,82366,240.37,205.47,282169
13083,80850,51.23,43.78,60128
13084,104402,9335.26,6855.8,10958051
13087,140919,23.4,20.0,27468
13088,82013,800.74,676.91,939936
13090,95789,992.59,843.24,1165114
13092,79163,223.53,191.04,262375
13101,63535,138.04,117.99,162040
13103,34283,21.59,18.45,25339
13104,145387,8438.65,6311.45,9905582
13108,100815,415.74,355.34,488000
13110,109903,245.6,209.91,288276
13111,64940,59.78,51.08,70154
13112,98937,262.32,224.21,307930
13113,72386,11.7,10.0,13734
13114,81303,337.54,287.72,396210
13115,85584,31.36,26.8,36807
13116,83702,57.57,49.2,67571
13118,75927,577.72,491.2,678132
13120,82372,177.05,149.62,207832
13122,74654,176.18,150.58,206807
13124,80466,7.55,6.45,8858
13126,77289,8282.32,6312.97,9722134
13131,76907,244.07,207.58,286491
13132,80118,196.73,167.72,230941
13135,86873,507.05,432.7,595185
13140,76177,223.03,189.53,261796
13141,90284,61.03,52.16,71635
13142,92067,10062.22,7343.02,11811438
13143,71569,2915.51,2132.92,3422350
13144,64387,67.37,57.58,79086
13145,55643,8539.45,6198.41,10023935
13146,68412,150.47,127.95,176624
13147,66672,81.55,69.7,95726
13148,71522,13011.38,9505.03,15273256
13152,160110,2687.54,2110.36,3154699
13155,75539,27.27,23.31,32014
13156,77197,279.42,238.82,327991
13157,42107,76.99,65.81,90384
13158,81332,191.67,162.4,224982
13159,114746,15429.41,11380.24,18111644
13160,92599,14324.2,10442.49,16814302
13162,74097,4.68,4.0,5494
13163,76713,8.19,7.0,9614
13164,103329,4664.15,3442.97,5474963
13165,74176,555.82,472.72,652435
13166,80123,456.71,387.34,536103
13167,81454,176.17,150.58,206806
13202,46677,335.36,282.8,393654
13203,60437,82.55,70.04,96896
13204,51604,422.17,355.64,495565
13205,49508,133.31,113.94,156484
13206,66543,355.7,300.18,417521
13207,67472,27.3,23.33,32039
13208,54347,84.79,72.49,99548
13209,70532,694.11,584.03,814774
13210,50848,584.56,494.84,686183
13211,68335,166.51,139.98,195452
13212,79227,7748.53,5717.12,9095519
13214,99944,358.6,304.63,420911
13215,121817,579.04,494.91,679699
13219,93087,240.95,205.44,282848
13224,92482,536.14,458.22,629318
13301,104630,22.7,19.4,26645
13302,61697,92.57,79.12,108658
13303,81059,50.66,43.3,59468
13304,118387,1492.16,1095.87,1751572
13305,56728,9.36,8.0,10987
13308,84371,272.72,232.38,320131
13309,75220,134.88,114.55,158321
13310,76207,29.78,25.45,34953
13313,59034,14.74,12.6,17305
13315,84422,60.38,51.61,70883
13316,69468,6528.26,4786.57,7663134
13317,71286,401.15,342.85,470849
13318,88996,36.67,31.34,43042
13319,61317,16.15,13.8,18953
13320,77676,302.34,258.41,354901
13321,52514,8.89,7.6,10438
13322,94387,35.06,29.96,41150
13323,93269,725.71,618.36,851846
13324,89888,45.63,39.0,53562
13325,76525,108.09,91.57,126882
13326,104068,526.91,449.1,618507
13327,72702,83.45,70.68,97952
13328,95038,73.59,62.9,86380
13329,61377,403.31,342.15,473421
13331,80255,35.39,30.25,41545
13332,74796,295.48,252.56,346856
13334,60795,46.4,39.66,54469
13337,128851,59.49,50.85,69837
13338,64779,76.45,65.34,89737
13339,64861,1301.56,1103.44,1527823
13340,82093,670.85,568.08,787474
13342,72997,29.91,25.56,35104
13343,78582,2842.5,2083.78,3336643
13346,87920,566.63,479.51,665127
13348,90195,81.18,69.38,95287
13350,72287,421.3,358.55,494567
13353,65207,18.02,15.4,21150
13354,91026,353.73,301.56,415225
13355,170016,31.1,26.58,36504
13357,67651,117.6,100.52,138047
13360,96585,7.02,6.0,8240
13361,75969,30.65,26.2,35983
13363,110674,99.19,84.79,116448
13364,73142,11.7,10.0,13734
13365,74632,12952.1,9457.6,15203713
13367,75551,19541.61,14225.48,22938716
13368,60057,35.7,30.0,41906
13402,72100,38.63,33.02,45350
13403,105081,12484.32,9086.22,14654616
13406,75117,77.91,66.6,91468
13407,71621,116.94,99.96,137285
13408,70033,326.62,278.03,383396
13409,64572,204.98,175.18,240591
13410,49576,20.48,17.5,24034
13411,67334,40.41,34.54,47437
13413,119590,749.17,637.56,879423
13415,69527,10.65,9.1,12498
13416,71955,186.16,157.6,218542
13417,58579,64.07,54.76,75210
13418,89955,8.89,7.6,10438
13420,93010,75.99,64.94,89188
13421,75491,14754.94,10744.39,17319928
13424,89966,9136.81,6646.05,10725165
13425,82519,90.79,77.6,106576
13428,66166,103.2,88.22,121148
13431,95411,149.04,127.38,174943
13433,61285,66.06,56.46,77542
13436,84281,30.19,25.8,35434
13437,61439,14.74,12.6,17305
13438,81840,256.35,219.1,300911
13439,70642,241.22,206.18,283159
13440,74111,33548.63,24546.34,39380680
13450,61403,17.55,15.0,20601
13452,67125,14711.48,10716.25,17268951
13454,71412,17.55,15.0,20601
13456,99424,140.63,120.2,165083
13459,70796,2962.8,2176.92,3477846
13460,74988,117.4,100.34,137806
13464,59688,518.12,435.8,608187
13468,56150,23.7,20.26,27819
13469,107033,36.29,31.02,42603
13470,68290,16.15,13.8,18953
13471,70005,7072.79,5147.68,8302320
13472,71262,5.85,5.0,6867
13473,89174,3542.89,2579.39,4158780
13475,121924,71.88,61.43,84367
13476,74077,266.49,227.28,312803
13477,106025,173.06,147.9,203130
13478,80792,253.0,216.24,296985
13480,75967,7192.92,5247.33,8443342
13483,83470,201.16,169.08,236122
13485,70563,17.58,15.03,20639
13486,82873,40.3,34.44,47300
13488,54538,22.93,19.6,26919
13489,65111,11.57,9.89,13583
13490,91783,193.66,163.7,227328
13491,75699,51.48,44.0,60430
13492,95237,317.51,271.4,372723
13493,65551,54.99,47.0,64549
13494,75948,14.93,12.76,17524
13495,68464,85.27,72.88,100088
13501,63032,447.77,382.72,525624
13502,68257,4940.66,3647.32,5799583
13601,71925,30747.27,22575.21,36092393
13605,75920,5875.87,4288.28,6897320
13606,75399,187.35,160.12,219906
13607,125409,476.7,404.31,559564
13608,75547,78.76,66.76,92451
13611,63266,5.85,5.0,6867
13612,66236,83.36,71.25,97856
13613,65978,4.45,3.8,5219
13614,68378,6938.38,5032.8,8144544
13615,93987,41.98,35.88,49278
13616,71044,58.0,49.57,68078
13617,73704,2071.92,1628.7,2432085
13618,74755,391.88,332.71,459987
13619,71337,2790.65,2071.07,3275778
13620,63518,64.08,54.78,75235
13621,75482,17.69,15.13,20773
13622,81566,32072.67,23257.39,37648154
13623,37036,8.89,7.6,10438
13624,94014,35293.02,25673.59,41428280
13625,76860,197.71,168.97,232054
13626,78281,52.65,45.0,61802
13630,64620,103.08,88.11,121010
13633,67781,20.8,17.78,24419
13634,81079,414.66,353.62,486727
13635,64751,48.4,41.36,56804
13636,66426,32.76,28.0,38455
13637,68857,5754.74,4199.38,6755125
13638,60663,24.57,21.0,28842
13640,75038,63.64,54.4,74713
13641,52885,20.77,17.75,24378
13642,57123,6711.47,4924.4,7878191
13646,67161,317.01,270.93,372094
13647,52058,13.57,11.6,15932
13648,64576,102.38,87.5,120172
13650,93775,201.53,172.25,236567
13651,116065,9.06,7.74,10630
13652,68471,257.14,218.97,301848
13654,70791,2867.04,2091.49,3365450
13655,45630,342.84,290.0,402440
13656,70862,338.34,286.71,397170
13658,82057,10537.44,7660.2,12369261
13659,64363,32.01,27.36,37577
13660,79777,16679.64,12101.58,19579238
13661,84227,154.43,131.98,181252
13662,70248,8.78,7.5,10300
13664,76412,99.46,85.0,116738
13665,60118,39.78,34.0,46695
13667,54171,164.89,140.16,193566
13668,84437,171.45,146.53,201245
13669,68344,15768.61,11524.72,18509833
13672,61040,87.2,74.52,102345
13673,69239,12071.94,8772.62,14170514
13676,74110,14310.84,10566.16,16798641
13679,91653,207.64,177.47,243737
13680,63007,118.75,101.5,139400
13682,88022,88.19,74.79,103531
13684,61969,130.82,111.26,153544
13685,83796,99.06,84.65,116257
13687,71035,59.9,51.2,70318
13690,56153,14.74,12.6,17305
13691,79729,71.45,61.06,83860
13692,210670,1.7,1.45,1992
13693,64070,51.62,44.12,60595
13694,82417,148.31,125.9,174084
13695,99672,27.38,23.4,32137
13696,42127,22.93,19.6,26919
13697,96461,108.64,92.86,127534
13730,73691,4695.18,3429.63,5511376
13731,85567,104.52,89.33,122687
13732,99079,336.67,287.76,395195
13733,61558,242.35,207.12,284462
13734,66721,444.92,376.0,522266
13736,84371,269.46,229.79,316296
13739,69872,20.03,17.12,23513
13740,118774,63.32,54.12,74328
13743,74398,8739.79,6412.09,10259097
13744,67502,6765.92,4906.94,7942107
13746,77386,128.74,110.03,151116
13748,70747,5782.01,4221.5,6787170
13750,73024,11.7,10.0,13734
13751,112843,35.33,30.2,41477
13752,84725,30.82,26.34,36176
13753,81857,288.77,245.62,338944
13754,64821,303.63,257.54,356407
13755,59986,25.02,21.38,29362
13756,70892,57.69,49.31,67726
13757,73682,37.2,31.8,43674
13760,76110,5106.81,3823.92,5994552
13775,82637,105.05,89.79,123310
13776,105355,7.02,6.0,8240
13777,92832,24.94,21.32,29280
13778,73542,361.73,306.6,424598
13780,88382,68.06,58.17,79892
13782,80411,62.56,53.04,73436
13783,61131,282.05,238.1,331086
13784,60743,2778.19,2015.55,3261151
13786,63694,45.16,38.6,53013
13787,67196,169.15,144.57,198552
13788,83480,271.51,229.91,318697
13790,65590,457.82,387.89,537413
13795,68422,81.34,69.51,95471
13796,73003,3849.3,2792.46,4518458
13797,74259,86.95,74.32,102070
13801,80491,27.89,23.84,32742
13802,45642,103.14,88.15,121065
13803,73569,20894.41,15166.19,24526719
13804,53308,10.7,9.15,12560
13806,85328,9.36,8.0,10987
13807,86886,167.2,142.15,196251
13808,83988,83.18,71.09,97633
13809,61561,76.25,65.17,89505
13810,93319,31.48,26.9,36945
13811,79966,210.27,179.71,246811
13812,83375,10793.6,7834.26,12669941
13813,77384,64.82,55.4,76086
13815,73017,30694.16,22285.57,36030007
13820,76769,1459.03,1237.56,1712638
13825,68547,249.06,212.87,292358
13827,82356,38143.68,27724.48,44774554
13830,66477,1299.56,975.61,1525479
13832,57783,40.96,35.0,48067
13833,67207,150.06,128.27,176158
13835,70394,138.37,118.26,162417
13838,54862,5973.01,4342.3,7011337
13839,63737,20.95,17.9,24584
13841,79710,362.93,305.17,426013
13842,82529,50.54,43.2,59331
13843,74432,72.44,61.91,85027
13844,66918,4.45,3.8,5219
13846,43830,32.18,27.5,37769
13849,64463,244.58,209.02,287064
13850,109889,1478.49,1252.87,1735443
13856,58257,3272.24,2392.93,3841074
13861,72060,41.42,35.4,48618
13862,69082,448.79,381.64,526795
13864,64355,180.59,154.34,211959
13865,69244,192.46,164.48,225898
13901,76443,4823.43,3584.28,5661902
13903,73183,865.89,733.78,1016406
13904,63765,258.35,220.75,303171
13905,69401,752.32,636.94,883119
14001,85694,21795.17,15931.58,25584034
14004,85014,10242.89,7500.96,12023536
14005,103527,143.97,122.19,168981
14006,71199,1770.99,1345.21,2078857
14008,82064,196.4,167.85,230531
14009,76084,16.15,13.8,18953
14011,84036,402.4,343.93,472345
14012,77376,212.78,181.87,249779
14013,67086,70.65,60.39,82933
14020,70003,36783.19,26766.81,43177611
14024,78759,129.63,110.81,152178
14025,104272,240.62,205.65,282432
14026,69597,85.68,72.49,100570
14027,58995,60.18,50.78,70639
14028,81706,311.57,263.84,365738
14029,58936,47.16,40.3,55349
14030,86505,68.15,58.25,80000
14031,122703,630.23,537.09,739799
14032,169502,525.59,447.55,616933
14033,87883,208.84,178.5,245153
14034,78504,204.7,174.95,240276
14036,90007,266.93,228.16,313341
14037,87754,6304.31,4580.62,7400270
14040,87810,402.19,342.07,472106
14041,72050,7.55,6.45,8858
14042,61201,172.16,147.14,202080
14043,78331,1135.97,962.04,1333418
14047,82249,186.92,159.77,219408
14048,55013,311.46,265.17,365588
14051,132268,1503.6,1285.16,1765004
14052,113413,3596.7,2713.6,4221930
14054,77320,108.45,92.7,127315
14055,74585,160.57,137.24,188485
14057,97958,598.89,511.35,702979
14058,85374,193.24,164.72,226835
14059,122947,988.96,837.16,1160878
14060,61649,33.35,28.5,39142
14061,103865,19.36,16.54,22716
14062,68735,386.21,328.39,453350
14063,81832,2553.6,1973.81,2997506
14065,72286,36.32,31.04,42630
14066,65151,8692.2,6307.8,10203260
14067,86662,459.72,391.96,539662
14068,136695,387.73,330.89,455135
14069,79502,5.85,5.0,6867
14070,67608,182.09,154.35,213749
14072,109829,12884.81,9642.97,15124642
14075,92098,2290.54,1947.55,2688650
14080,81763,571.79,484.56,671197
14081,58483,96.28,82.29,113016
14082,90762,91.45,77.4,107357
14085,105140,517.88,442.64,607908
14086,110646,2056.41,1747.33,2413813
14091,98076,154.46,131.29,181310
14092,86972,395.58,337.57,464326
14094,80945,10022.31,7654.91,11764455
14098,75994,4374.18,3200.15,5134577
14101,68013,159.86,136.62,187632
14102,117990,46.19,39.48,54222
14103,68008,12422.13,9088.52,14581572
14105,77777,508.37,433.82,596741
14108,83805,477.03,404.64,559935
14111,80239,365.71,310.86,429294
14113,79148,67.29,57.0,78988
14120,83675,1965.36,1672.41,2307021
14125,73741,570.63,483.44,669818
14126,89847,20.59,17.6,24172
14127,121664,1406.55,1197.65,1651047
14129,79929,49.84,42.6,58507
14130,53290,10789.27,7821.6,12664879
14131,103126,20106.4,14669.68,23601684
14132,95905,7688.74,5665.93,9025342
14134,42649,14.04,12.0,16481
14136,70747,13960.62,10136.85,16387534
14138,72900,103.4,87.52,121376
14139,90404,186.9,159.76,219408
14141,84293,401.57,343.25,471397
14143,84269,122.33,104.56,143603
14145,93211,55.54,47.46,65187
14150,74001,15243.47,11604.1,17893298
14166,86368,7.02,6.0,8240
14167,81424,181.16,154.85,212664
14169,54158,2.01,1.72,2362
14170,115731,75.08,64.17,88123
14171,78983,13945.24,10124.12,16369460
14172,77305,346.44,294.46,406683
14174,103937,1490.44,1258.17,1749554
14201,50687,548.8,463.68,644165
14202,89195,313.77,264.86,368312
14203,55228,143.77,121.0,168762
14204,43528,423.46,357.22,497062
14206,56147,727.07,613.38,853411
14207,50831,781.26,658.69,917072
14208,50259,305.05,257.4,358083
14209,63670,363.68,306.6,426894
14210,51183,464.06,393.13,544698
14211,48611,994.74,837.25,1167663
14212,45426,274.03,231.38,321649
14213,64331,1145.92,968.85,1345081
14214,74784,504.13,427.78,591738
14215,52476,1036.97,875.2,1217177
14216,83869,881.06,746.95,1034140
14217,78479,1515.9,1281.77,1779382
14218,56762,13718.57,10002.19,16103383
14219,74944,1231.06,1037.4,1445048
14220,71460,3506.11,2637.45,4115517
14221,118144,4995.13,4232.88,5863429
14222,100956,498.28,424.08,584846
14223,87326,1036.79,882.37,1216981
14224,85520,1833.19,1554.78,2151818
14225,68124,1854.94,1568.67,2177288
14226,108562,2688.24,2170.97,3155416
14227,72283,864.22,731.08,1014417
14228,82615,18286.58,13539.02,21465488
14301,45538,99.29,84.39,116550
14303,58398,265.99,223.65,312232
14304,74406,1122.58,950.81,1317718
14305,64107,5081.83,3713.57,5965252
14411,60488,2490.34,1956.19,2923206
14414,91069,7553.13,5542.68,8866153
14416,84717,344.97,294.34,404947
14418,65459,325.57,276.03,382173
14420,76221,31293.2,22876.33,36733153
14422,94493,186.61,158.85,219043
14423,80890,4941.38,3604.17,5800380
14424,98646,10419.46,7948.38,12230796
14425,88251,1034.92,876.25,1214826
14427,64098,151.5,128.94,177831
14428,94417,677.34,578.44,795085
14432,90679,7583.5,5580.42,8901783
14433,64079,832.08,702.63,976718
14435,111404,373.07,318.33,437889
14437,76625,531.52,454.3,623913
14445,66679,51.37,43.9,60296
14450,118197,362.03,309.4,424936
14454,84523,11831.62,8670.12,13888401
14456,79438,21203.34,15669.0,24889309
14462,84740,53.97,46.12,63341
14464,79284,19752.11,14368.65,23185825
14466,106204,215.29,184.02,252727
14467,85961,408.37,348.32,479321
14468,92880,19448.38,14184.21,22829250
14469,82305,998.96,850.15,1172606
14470,93410,377.59,322.72,443216
14471,77279,7184.1,5242.83,8432992
14472,133629,8347.29,6237.03,9798406
14475,119529,67.98,58.1,79794
14476,89430,349.3,298.58,410059
14477,95117,82.78,70.76,97182
14478,124928,214.12,183.01,251350
14480,77317,67.04,56.7,78695
14481,83561,136.27,116.47,159953
14482,79642,411.88,351.51,483452
14485,82923,797.19,675.22,935783
14486,133192,17.55,15.0,20601
14487,91181,366.67,313.38,430395
14489,67978,358.52,305.71,420840
14502,89000,7789.15,5740.0,9143199
14504,69231,16.38,14.0,19228
14505,72635,681.53,579.24,799973
14506,95316,154.36,131.92,181179
14507,79233,109.37,93.48,128387
14510,72128,22795.44,16544.18,26758199
14511,65697,6.04,5.16,7087
14512,80434,829.77,708.62,974039
14513,66154,252.16,215.53,296005
14514,88567,107.82,92.15,126559
14516,74504,2908.59,2127.0,3414219
14517,63324,162.65,139.03,190936
14519,93524,8259.33,6159.02,9695098
14521,79262,268.62,228.75,315321
14522,90503,10499.08,7711.38,12324219
14525,84021,233.02,199.16,273525
14526,115022,8867.19,6517.16,10408653
14527,73600,14953.69,10983.05,17553224
14530,70181,99.52,85.04,116794
14532,81041,855.59,722.72,1004316
14533,81912,7071.41,5145.85,8300679
14534,176026,2068.92,1768.32,2428563
14536,57092,49.16,42.02,57710
14539,60520,22.93,19.6,26919
14541,90122,1129.11,845.5,1325371
14543,111853,407.46,348.24,478276
14544,93849,5210.45,3787.47,6116223
14545,88752,12.59,10.76,14778
14546,81324,12994.61,9489.4,15253575
14548,83978,342.2,289.93,401696
14550,65042,211.14,178.74,247828
14551,71266,2855.93,2247.25,3352392
14555,80960,62.04,53.03,72828
14557,73160,20.78,17.76,24392
14559,108142,44531.95,32327.25,52273385
14560,73925,303.14,259.09,355833
14561,85217,174.88,148.62,205287
14564,131271,4749.69,3786.54,5575384
14568,96216,2886.62,2128.85,3388413
14569,69655,1034.49,873.9,1214325
14571,77255,85.87,73.4,100807
14572,68035,208.88,178.52,245177
14580,107757,7572.7,5856.11,8889004
14586,100892,7979.05,5914.62,9366119
14589,96619,5472.7,4096.78,6424015
14590,66276,2073.26,1538.69,2433678
14591,91279,86.95,74.32,102063
14592,53189,6993.99,5079.2,8209833
14604,79659,1300.12,949.0,1526132
14605,47948,141.73,120.11,166371
14606,65142,3196.16,2396.82,3751759
14607,71320,425.23,359.81,499140
14608,45985,277.74,234.08,326019
14609,65743,501.7,427.88,588866
14610,109151,614.01,521.28,720735
14611,43006,82.94,70.2,97351
14612,86254,1065.77,901.84,1251049
14613,44486,54.85,46.88,64385
14614,49043,687.58,577.8,807111
14615,67816,84.19,71.96,98822
14616,69134,181.67,155.28,213250
14617,93873,1057.69,894.32,1241524
14618,168053,994.47,849.94,1167285
14619,71070,52.79,45.12,61954
14620,70471,2949.69,2226.4,3462417
14621,42683,90.45,76.73,106155
14622,86121,234.39,199.29,275104
14623,65623,6564.73,4984.56,7705927
14624,91966,2903.17,2367.62,3407862
14625,110423,391.94,334.99,460060
14626,87331,678.22,574.55,796117
14701,56329,357.49,305.54,419631
14706,79561,247.24,211.34,290234
14707,54197,2.93,2.5,3433
14708,71650,4.68,4.0,5494
14709,75001,37.82,32.32,44388
14710,77601,238.5,203.85,279961
14711,66787,27629.25,20025.0,32432319
14712,89839,768.31,653.58,901851
14714,90451,4.68,4.0,5494
14715,54758,33.43,28.56,39224
14716,53305,87.99,75.2,103280
14717,86455,40.98,35.03,48110
14718,70847,417.56,354.44,490160
14719,65580,7121.13,5188.29,8359079
14723,69164,40.95,35.0,48069
14724,74744,45.9,39.22,53863
14726,58046,73.29,61.9,86022
14727,70002,229.67,196.3,269592
14728,83189,133.9,114.44,157171
14729,71169,22.5,19.23,26411
14731,80779,214.39,181.48,251667
14732,54627,32.18,27.5,37768
14733,56438,42.82,36.6,50266
14735,63349,13962.51,10138.89,16389745
14736,80789,14.63,12.5,17167
14737,63448,334.67,284.59,392852
14738,58945,202.05,172.68,237158
14739,56235,67.51,57.7,79245
14740,78276,47.0,40.16,55156
14741,73873,186.73,159.6,219196
14743,60554,72.31,61.8,84876
14744,77651,9597.37,6955.8,11265772
14747,78298,57.79,49.4,67847
14748,68427,25.04,21.4,29391
14750,102627,2756.32,2039.65,3235477
14753,54707,12.4,10.6,14558
14754,80724,11.7,10.0,13734
14755,64491,83.65,71.5,98198
14757,82284,81.01,69.24,95091
14760,64155,26517.8,19288.79,31127785
14767,76870,18.72,16.0,21974
14769,64390,3602.61,2629.74,4228871
14770,68668,62.01,53.0,72790
14772,70378,154.67,132.2,181564
14775,70112,145.38,124.26,170658
14777,57702,63.41,54.2,74439
14779,51483,7.37,6.3,8652
14781,62066,201.44,171.14,236451
14782,59328,75.97,64.94,89182
14783,88557,2000.42,1451.3,2348174
14784,81418,94.18,80.49,110544
14787,58399,34.41,29.41,40391
14801,66277,34.63,29.6,40652
14802,61537,302.14,254.84,354664
14803,64295,75.1,64.18,88144
14804,76835,43.24,36.96,50761
14805,60980,115.87,99.03,136005
14806,73071,29.09,24.86,34142
14807,68145,7027.58,5109.04,8249254
14808,71418,11.7,10.0,13734
14809,72175,87.94,75.17,103233
14810,57236,9724.4,7057.2,11414894
14812,78419,14422.94,10529.52,16930208
14813,68031,107.19,91.62,125831
14814,115662,598.37,503.76,702391
14815,70226,264.48,223.2,310451
14816,65077,9.85,8.42,11564
14817,89975,871.04,741.59,1022433
14818,92555,405.41,346.49,475868
14821,74051,7565.19,5561.78,8880316
14822,70488,5565.48,4038.88,6532987
14823,77502,42.24,36.1,49579
14824,90869,51.6,44.1,60567
14825,81272,2221.57,1611.6,2607770
14826,62642,72.09,61.62,84621
14830,89159,603.67,515.23,708581
14836,71066,28.69,24.52,33676
14837,78443,402.68,343.67,472696
14838,78192,788.2,665.18,925199
14840,89693,375.41,319.01,440685
14841,83678,352.42,299.92,413687
14842,69606,80.5,68.8,94489
14843,64084,7080.78,5154.52,8311709
14845,84456,18888.81,13859.13,22172408
14846,66681,6912.81,5013.1,8114530
14847,73918,530.84,449.9,623107
14850,91667,24052.04,18794.27,28232810
14858,78322,18.94,16.18,22222
14859,70380,42.65,36.44,50049
14860,65368,465.45,393.44,546355
14861,59112,5553.31,4032.06,6518688
14864,68839,740.01,537.0,868653
14865,57034,132.57,113.3,155605
14867,82780,14496.08,10597.81,17016053
14869,71825,234.81,197.7,275628
14870,107575,551.15,465.44,646967
14871,78261,225.19,192.46,264320
14872,70876,19.19,16.4,22524
14873,59933,378.23,319.76,443987
14874,90930,10.41,8.9,12223
14877,76219,13.58,11.6,15931
14878,114483,140.32,119.24,164703
14879,77680,307.7,258.72,361193
14880,54480,35.56,30.38,41723
14881,105761,106.68,91.17,125210
14882,123572,10487.96,7689.67,12311117
14883,79777,29946.47,21824.63,35152338
14884,78225,16.38,14.0,19228
14885,72553,13800.0,10000.0,16198992
14886,89178,5036.71,3942.5,5912260
14889,71677,214.91,182.81,252272
14891,69137,8436.89,6182.94,9903545
14892,70279,16.01,13.68,18788
14894,72699,75.58,64.6,88721
14895,78324,7086.75,5159.62,8318711
14898,67776,32.76,28.0,38454
14901,51814,817.83,688.74,959990
14903,100790,711.16,601.86,834775
14904,63579,20.88,17.85,24515
14905,90476,113.9,97.33,133673
